Name,email,phONeNumber
kunal,kbkb@gmal.com,8324234
harshit ,harshit@gmail.com,1231
gaurav,gaurav@gmail.com,11412
kunal,kbkb@gmal.com,8324234
harshit ,harshit@gmail.com,1231
gaurav,gaurav@gmail.com,11412
harshit ,harshit@gmail.com,1231
gaurav,gaurav@gmail.com,11412
kunal,kbkb@gmal.com,8324234
harshit ,harshit@gmail.com,1231
gaurav,gaurav@gmail.com,11412
harshit ,harshit@gmail.com,1231
gaurav,gaurav@gmail.com,11412
kunal,kbkb@gmal.com,8324234
harshit ,harshit@gmail.com,1231
gaurav,gaurav@gmail.com,11412
harshit ,harshit@gmail.com,1231
gaurav,gaurav@gmail.com,11412
kunal,kbkb@gmal.com,8324234
harshit ,harshit@gmail.com,1231
gaurav,gaurav@gmail.com,11412
harshit ,harshit@gmail.com,1231
gaurav,gaurav@gmail.com,11412
kunal,kbkb@gmal.com,8324234
harshit ,harshit@gmail.com,1231
gaurav,,11412
harshit ,harshit@gmail.com,1231
gaurav,gaurav@gmail.com,11412
kunal,kbkb@gmal.com,8324234
harshit ,harshit@gmail.com,1231
gaurav,,11412
